{"P": [0.0, 8.497554779052734, 2.476902409878606, 6.460463216121756], "Temp": [-4.3330354422330855, 23.616500854492188, 9.986363619001066, 10.734350048241083], "PET": [0.5375072956085205, 5.7857208251953125, 2.9931092403228066, 1.984415521447944], "ETPOT_Hargr": [848.5708374023437, 1414.8223632812503, 1095.2208323038437, 211.25079650778196], "FW": [0.0, 0.0313725508749485, 0.01334262558766965, 0.047808196486846616], "HWSD_clay": [17.06535243988037, 41.03832855224609, 29.19393577598563, 9.477469706269304], "HWSD_gravel": [4.5, 19.5, 9.988902425254059, 6.10422883436156], "HWSD_sand": [14.784137821197511, 56.248087310791014, 34.610341583616965, 16.079716519216955], "HWSD_silt": [22.5960262298584, 47.8181480407715, 36.20599379822903, 9.712131589726173], "NDVI": [0.2468303754925728, 0.6697147130966187, 0.4817553454274025, 0.1559904685203697], "Porosity": [0.009999999776482582, 0.2199999988079071, 0.13308451240309632, 0.07455981967683083], "SoilGrids1km_clay": [13.179123020172119, 28.61563186645508, 21.89718064593862, 5.615811130246489], "SoilGrids1km_sand": [25.76554069519043, 53.97631072998047, 41.71482682001728, 10.03917519150474], "SoilGrids1km_silt": [29.63856906890869, 46.76734695434572, 36.41343541367984, 6.183044616258952], "T_clay": [10.311951637268072, 24.0, 20.65883443811883, 7.2320952351425225], "T_gravel": [4.0, 19.0, 9.055450150137629, 6.035222971607562], "T_sand": [35.0, 74.0, 46.50368794840118, 14.667777554343077], "T_silt": [14.0, 43.0, 32.385124602911354, 10.431866761798855], "aridity": [0.8275731861591339, 3.5492282390594485, 1.6911866546409617, 1.2672046991538857], "glaciers": [0.0, 0.0, 9.230696146177704e-05, 0.0026312407537894215], "meanP": [339.8426513671875, 1330.93037109375, 877.903450386226, 404.0144701131008], "meanTa": [3.7416667699813844, 16.833408355712894, 9.617821925174356, 4.825948435982316], "meanelevation": [115.80840759277349, 2096.429736328125, 826.5979692503702, 801.082303592703], "meanslope": [1.1704026341438294, 13.415736198425293, 5.486722505899695, 5.0880444322013645], "permafrost": [0.0, 0.0, 0.001482738155865516, 0.00802487222581464], "permeability": [-15.050000190734863, -11.827034759521483, -13.791040483123657, 1.2114845089227424], "seasonality_P": [0.11182761639356613, 0.5283735752105714, 0.3000695303367248, 0.1749436317342979], "seasonality_PET": [0.3958636224269867, 0.6726740121841431, 0.5518820675042974, 0.10426570667862735], "snow_fraction": [0.0006609464588109404, 0.3778978675603868, 0.13683479268909712, 0.15030963149753868], "snowfall_fraction": [0.0054530068300664425, 0.2841259419918062, 0.1226237051251086, 0.1103174731753403], "uparea": [31.06177447344257, 2485.4993279690407, 1176.1489090595521, 3640.8412835843424]}